<?xml version="1.0" encoding="UTF-8" ?>
<hibernate-configuration xmlns="http://www.hibernate.org/xsd/orm/cfg">
    <session-factory>
        <property name="hibernate.current_session_context_class">thread</property>
        <property name="dialect">org.hibernate.dialect.MySQLDialect</property>
        <property name="connection.url">jdbc:mysql://localhost/hotel_unir</property>
        <property name="connecton.username">root</property>
        <property name="connection.password"></property>
        <property name="connection.driver_class">com.mysql.cj.jdbc.Driver</property>
        <mapping class="model.Deportista"/>
        <mapping class="model.Entrenador"/>
        <mapping class="model.Equipo"/>
        <mapping class="model.Evento"/>
    </session-factory>
</hibernate-configuration>